Matthias|Herhardt|25
Layla|Lewellyn|21
Kyle|Ettman|21
Sakuya|Fujinaga|17
Ryo|Hirose|17
Inez|Valeztena|23
Carcel|Escalante|23
Chris|Brown|47
Sarah|Garcia|42
Jane|Williams|41
Alex|Smith|38
Emily|Hernandez|64
Laura|Hernandez|56
Alex|Miller|56
Laura|Smith|65
Alex|Williams|35
Michael|Miller|28
David|Garcia|25
Sarah|Davis|29
David|Hernandez|58
John|Johnson|57
Michael|Williams|26
Michael|Garcia|28
David|Davis|22
David|Miller|41
Emily|Williams|58
John|Williams|20
John|Miller|34
Jane|Garcia|64
Emily|Hernandez|25
Laura|Martinez|48
John|Brown|43
Laura|Martinez|28
Emily|Smith|18
Sarah|Brown|42
Jane|Hernandez|65
Laura|Brown|23
Michael|Davis|64
Laura|Garcia|59
Alex|Jones|26
Katie|Garcia|22
Laura|Davis|56
John|Brown|46
Chris|Garcia|41
Jane|Johnson|48
Emily|Miller|40
Emily|Hernandez|44
John|Hernandez|30
Emily|Garcia|27
Michael|Johnson|18
