timeStamp,elapsed,label,responseCode,responseMessage,threadName,dataType,success,failureMessage,bytes,sentBytes,grpThreads,allThreads,URL,Latency,IdleTime,Connect
1735550567019,7,homepage,200,OK,Thread Group 2 1-1,text,true,,209,148,1,1,http://localhost:5000/,6,0,1
1735550567027,7,login,200,OK,Thread Group 2 1-1,text,true,,226,233,1,1,http://localhost:5000/login,6,0,1
1735550567118,5,homepage,200,OK,Thread Group 2 1-2,text,true,,209,148,2,2,http://localhost:5000/,5,0,1
1735550567123,4,login,200,OK,Thread Group 2 1-2,text,true,,226,233,2,2,http://localhost:5000/login,3,0,1
1735550567219,5,homepage,200,OK,Thread Group 2 1-3,text,true,,209,148,3,3,http://localhost:5000/,5,0,2
1735550567225,5,login,200,OK,Thread Group 2 1-3,text,true,,226,233,3,3,http://localhost:5000/login,4,0,1
1735550567035,219,add users,201,CREATED,Thread Group 2 1-1,text,true,,212,251,3,3,http://localhost:5000/add_user,218,0,1
1735550567317,6,homepage,200,OK,Thread Group 2 1-4,text,true,,209,148,3,3,http://localhost:5000/,5,0,2
1735550567323,7,login,200,OK,Thread Group 2 1-4,text,true,,226,233,3,3,http://localhost:5000/login,7,0,1
1735550567127,258,add users,201,CREATED,Thread Group 2 1-2,text,true,,212,248,3,3,http://localhost:5000/add_user,258,0,2
1735550567418,7,homepage,200,OK,Thread Group 2 1-5,text,true,,209,148,3,3,http://localhost:5000/,6,0,3
1735550567425,4,login,200,OK,Thread Group 2 1-5,text,true,,226,233,3,3,http://localhost:5000/login,4,0,1
1735550567516,6,homepage,200,OK,Thread Group 2 1-6,text,true,,209,148,4,4,http://localhost:5000/,6,0,2
1735550567523,8,login,200,OK,Thread Group 2 1-6,text,true,,226,233,4,4,http://localhost:5000/login,8,0,2
1735550567618,3,homepage,200,OK,Thread Group 2 1-7,text,true,,209,148,5,5,http://localhost:5000/,3,0,1
1735550567622,3,login,200,OK,Thread Group 2 1-7,text,true,,226,233,5,5,http://localhost:5000/login,3,0,0
1735550567331,372,add users,201,CREATED,Thread Group 2 1-4,text,true,,212,249,5,5,http://localhost:5000/add_user,372,0,1
1735550567716,6,homepage,200,OK,Thread Group 2 1-8,text,true,,209,148,5,5,http://localhost:5000/,5,0,1
1735550567722,6,login,200,OK,Thread Group 2 1-8,text,true,,226,233,5,5,http://localhost:5000/login,5,0,2
1735550567818,4,homepage,200,OK,Thread Group 2 1-9,text,true,,209,148,6,6,http://localhost:5000/,4,0,1
1735550567823,4,login,200,OK,Thread Group 2 1-9,text,true,,226,233,6,6,http://localhost:5000/login,4,0,1
1735550567231,616,add users,201,CREATED,Thread Group 2 1-3,text,true,,212,245,6,6,http://localhost:5000/add_user,615,0,1
1735550567917,5,homepage,200,OK,Thread Group 2 1-10,text,true,,209,148,6,6,http://localhost:5000/,5,0,1
1735550567922,6,login,200,OK,Thread Group 2 1-10,text,true,,226,233,6,6,http://localhost:5000/login,6,0,1
1735550567430,506,add users,201,CREATED,Thread Group 2 1-5,text,true,,212,244,6,6,http://localhost:5000/add_user,506,0,3
1735550567532,441,add users,201,CREATED,Thread Group 2 1-6,text,true,,212,248,5,5,http://localhost:5000/add_user,441,0,2
1735550568019,6,homepage,200,OK,Thread Group 2 1-11,text,true,,209,148,5,5,http://localhost:5000/,6,0,1
1735550568025,4,login,200,OK,Thread Group 2 1-11,text,true,,226,233,5,5,http://localhost:5000/login,3,0,1
1735550568114,4,homepage,200,OK,Thread Group 2 1-12,text,true,,209,148,6,6,http://localhost:5000/,3,0,1
1735550568118,5,login,200,OK,Thread Group 2 1-12,text,true,,226,233,6,6,http://localhost:5000/login,5,0,1
1735550567626,509,add users,201,CREATED,Thread Group 2 1-7,text,true,,212,250,6,6,http://localhost:5000/add_user,508,0,1
1735550568216,4,homepage,200,OK,Thread Group 2 1-13,text,true,,209,148,6,6,http://localhost:5000/,4,0,1
1735550568220,4,login,200,OK,Thread Group 2 1-13,text,true,,226,233,6,6,http://localhost:5000/login,4,0,1
1735550567728,569,add users,201,CREATED,Thread Group 2 1-8,text,true,,212,245,6,6,http://localhost:5000/add_user,569,0,2
1735550568317,6,homepage,200,OK,Thread Group 2 1-14,text,true,,209,148,6,6,http://localhost:5000/,5,0,2
1735550568323,6,login,200,OK,Thread Group 2 1-14,text,true,,226,233,6,6,http://localhost:5000/login,6,0,2
1735550568415,5,homepage,200,OK,Thread Group 2 1-15,text,true,,209,148,7,7,http://localhost:5000/,5,0,1
1735550568421,4,login,200,OK,Thread Group 2 1-15,text,true,,226,233,7,7,http://localhost:5000/login,3,0,0
1735550568515,12,homepage,200,OK,Thread Group 2 1-16,text,true,,209,148,8,8,http://localhost:5000/,11,0,1
1735550568527,4,login,200,OK,Thread Group 2 1-16,text,true,,226,233,8,8,http://localhost:5000/login,4,0,1
1735550567929,645,add users,201,CREATED,Thread Group 2 1-10,text,true,,212,247,8,8,http://localhost:5000/add_user,645,0,1
1735550568618,5,homepage,200,OK,Thread Group 2 1-17,text,true,,209,148,8,8,http://localhost:5000/,4,0,1
1735550568623,5,login,200,OK,Thread Group 2 1-17,text,true,,226,233,8,8,http://localhost:5000/login,5,0,1
1735550568717,6,homepage,200,OK,Thread Group 2 1-18,text,true,,209,148,9,9,http://localhost:5000/,6,0,4
1735550568029,698,add users,201,CREATED,Thread Group 2 1-11,text,true,,212,244,9,9,http://localhost:5000/add_user,698,0,3
1735550568724,6,login,200,OK,Thread Group 2 1-18,text,true,,226,233,8,8,http://localhost:5000/login,6,0,1
1735550568817,2,homepage,200,OK,Thread Group 2 1-19,text,true,,209,148,9,9,http://localhost:5000/,2,0,1
1735550568820,6,login,200,OK,Thread Group 2 1-19,text,true,,226,233,9,9,http://localhost:5000/login,6,0,1
1735550568124,755,add users,201,CREATED,Thread Group 2 1-12,text,true,,212,249,9,9,http://localhost:5000/add_user,755,0,0
1735550568917,5,homepage,200,OK,Thread Group 2 1-20,text,true,,209,148,9,9,http://localhost:5000/,5,0,2
1735550568923,4,login,200,OK,Thread Group 2 1-20,text,true,,226,233,9,9,http://localhost:5000/login,3,0,1
1735550568225,789,add users,201,CREATED,Thread Group 2 1-13,text,true,,212,249,9,9,http://localhost:5000/add_user,789,0,0
1735550569017,4,homepage,200,OK,Thread Group 2 1-21,text,true,,209,148,9,9,http://localhost:5000/,3,0,1
1735550569021,5,login,200,OK,Thread Group 2 1-21,text,true,,226,233,9,9,http://localhost:5000/login,5,0,1
1735550569117,7,homepage,200,OK,Thread Group 2 1-22,text,true,,209,148,10,10,http://localhost:5000/,7,0,2
1735550569126,7,login,200,OK,Thread Group 2 1-22,text,true,,226,233,10,10,http://localhost:5000/login,6,0,2
1735550568330,829,add users,201,CREATED,Thread Group 2 1-14,text,true,,212,245,10,10,http://localhost:5000/add_user,829,0,1
1735550569216,5,homepage,200,OK,Thread Group 2 1-23,text,true,,209,148,10,10,http://localhost:5000/,5,0,2
1735550569221,5,login,200,OK,Thread Group 2 1-23,text,true,,226,233,10,10,http://localhost:5000/login,4,0,1
1735550568426,868,add users,201,CREATED,Thread Group 2 1-15,text,true,,212,245,10,10,http://localhost:5000/add_user,868,0,1
1735550569316,6,homepage,200,OK,Thread Group 2 1-24,text,true,,209,148,10,10,http://localhost:5000/,6,0,2
1735550569324,5,login,200,OK,Thread Group 2 1-24,text,true,,226,233,10,10,http://localhost:5000/login,5,0,1
1735550569419,9,homepage,200,OK,Thread Group 2 1-25,text,true,,209,148,11,11,http://localhost:5000/,8,0,1
1735550569428,5,login,200,OK,Thread Group 2 1-25,text,true,,226,233,11,11,http://localhost:5000/login,4,0,1
1735550568533,938,add users,201,CREATED,Thread Group 2 1-16,text,true,,212,247,11,11,http://localhost:5000/add_user,938,0,2
1735550567828,1658,add users,201,CREATED,Thread Group 2 1-9,text,true,,212,246,10,10,http://localhost:5000/add_user,1657,0,1
1735550569517,4,homepage,200,OK,Thread Group 2 1-26,text,true,,209,148,10,10,http://localhost:5000/,3,0,1
1735550569521,5,login,200,OK,Thread Group 2 1-26,text,true,,226,233,10,10,http://localhost:5000/login,4,0,1
1735550568628,962,add users,201,CREATED,Thread Group 2 1-17,text,true,,212,248,10,10,http://localhost:5000/add_user,962,0,1
1735550569620,5,homepage,200,OK,Thread Group 2 1-27,text,true,,209,148,10,10,http://localhost:5000/,4,0,2
1735550569625,5,login,200,OK,Thread Group 2 1-27,text,true,,226,233,10,10,http://localhost:5000/login,5,0,2
1735550569726,5,homepage,200,OK,Thread Group 2 1-28,text,true,,209,148,11,11,http://localhost:5000/,4,0,1
1735550569731,5,login,200,OK,Thread Group 2 1-28,text,true,,226,233,11,11,http://localhost:5000/login,5,0,2
1735550568731,1088,add users,201,CREATED,Thread Group 2 1-18,text,true,,212,246,12,12,http://localhost:5000/add_user,1088,0,1
1735550569818,4,homepage,200,OK,Thread Group 2 1-29,text,true,,209,148,11,11,http://localhost:5000/,4,0,1
1735550569823,4,login,200,OK,Thread Group 2 1-29,text,true,,226,233,11,11,http://localhost:5000/login,4,0,1
1735550569916,5,homepage,200,OK,Thread Group 2 1-30,text,true,,209,148,12,12,http://localhost:5000/,5,0,0
1735550569922,6,login,200,OK,Thread Group 2 1-30,text,true,,226,233,12,12,http://localhost:5000/login,5,0,1
1735550568827,1125,add users,201,CREATED,Thread Group 2 1-19,text,true,,212,245,12,12,http://localhost:5000/add_user,1125,0,1
1735550568928,1086,add users,201,CREATED,Thread Group 2 1-20,text,true,,212,249,11,11,http://localhost:5000/add_user,1086,0,1
1735550570015,5,homepage,200,OK,Thread Group 2 1-31,text,true,,209,148,11,11,http://localhost:5000/,5,0,1
1735550570021,4,login,200,OK,Thread Group 2 1-31,text,true,,226,233,11,11,http://localhost:5000/login,4,0,1
1735550570117,7,homepage,200,OK,Thread Group 2 1-32,text,true,,209,148,12,12,http://localhost:5000/,7,0,1
1735550570125,4,login,200,OK,Thread Group 2 1-32,text,true,,226,233,12,12,http://localhost:5000/login,3,0,1
1735550569026,1135,add users,201,CREATED,Thread Group 2 1-21,text,true,,212,246,12,12,http://localhost:5000/add_user,1135,0,1
1735550570219,4,homepage,200,OK,Thread Group 2 1-33,text,true,,209,148,12,12,http://localhost:5000/,4,0,1
1735550570224,5,login,200,OK,Thread Group 2 1-33,text,true,,226,233,12,12,http://localhost:5000/login,4,0,1
1735550570318,3,homepage,200,OK,Thread Group 2 1-34,text,true,,209,148,13,13,http://localhost:5000/,3,0,0
1735550570322,4,login,200,OK,Thread Group 2 1-34,text,true,,226,233,13,13,http://localhost:5000/login,4,0,1
1735550569133,1284,add users,201,CREATED,Thread Group 2 1-22,text,true,,212,250,13,13,http://localhost:5000/add_user,1283,0,2
1735550570418,5,homepage,200,OK,Thread Group 2 1-35,text,true,,209,148,13,13,http://localhost:5000/,5,0,1
1735550570425,6,login,200,OK,Thread Group 2 1-35,text,true,,226,233,13,13,http://localhost:5000/login,6,0,2
1735550570518,5,homepage,200,OK,Thread Group 2 1-36,text,true,,209,148,14,14,http://localhost:5000/,5,0,2
1735550570524,3,login,200,OK,Thread Group 2 1-36,text,true,,226,233,14,14,http://localhost:5000/login,3,0,0
1735550569226,1366,add users,201,CREATED,Thread Group 2 1-23,text,true,,212,248,14,14,http://localhost:5000/add_user,1366,0,1
1735550570616,4,homepage,200,OK,Thread Group 2 1-37,text,true,,209,148,14,14,http://localhost:5000/,4,0,1
1735550570621,3,login,200,OK,Thread Group 2 1-37,text,true,,226,233,14,14,http://localhost:5000/login,3,0,1
1735550569330,1320,add users,201,CREATED,Thread Group 2 1-24,text,true,,212,245,14,14,http://localhost:5000/add_user,1320,0,1
1735550570718,5,homepage,200,OK,Thread Group 2 1-38,text,true,,209,148,14,14,http://localhost:5000/,5,0,1
1735550570724,10,login,200,OK,Thread Group 2 1-38,text,true,,226,233,14,14,http://localhost:5000/login,10,0,2
1735550570815,3,homepage,200,OK,Thread Group 2 1-39,text,true,,209,148,15,15,http://localhost:5000/,3,0,1
1735550570819,6,login,200,OK,Thread Group 2 1-39,text,true,,226,233,15,15,http://localhost:5000/login,6,0,1
1735550569433,1400,add users,201,CREATED,Thread Group 2 1-25,text,true,,212,246,15,15,http://localhost:5000/add_user,1399,0,2
1735550570918,5,homepage,200,OK,Thread Group 2 1-40,text,true,,209,148,15,15,http://localhost:5000/,4,0,1
1735550570926,7,login,200,OK,Thread Group 2 1-40,text,true,,226,233,15,15,http://localhost:5000/login,7,0,2
1735550571018,5,homepage,200,OK,Thread Group 2 1-41,text,true,,209,148,16,16,http://localhost:5000/,5,0,1
1735550571023,5,login,200,OK,Thread Group 2 1-41,text,true,,226,233,16,16,http://localhost:5000/login,5,0,1
1735550569527,1549,add users,201,CREATED,Thread Group 2 1-26,text,true,,212,248,16,16,http://localhost:5000/add_user,1549,0,1
1735550569631,1466,add users,201,CREATED,Thread Group 2 1-27,text,true,,212,247,15,15,http://localhost:5000/add_user,1465,0,2
1735550571118,5,homepage,200,OK,Thread Group 2 1-42,text,true,,209,148,15,15,http://localhost:5000/,5,0,1
1735550571125,4,login,200,OK,Thread Group 2 1-42,text,true,,226,233,15,15,http://localhost:5000/login,3,0,1
1735550571217,4,homepage,200,OK,Thread Group 2 1-43,text,true,,209,148,16,16,http://localhost:5000/,4,0,1
1735550571221,5,login,200,OK,Thread Group 2 1-43,text,true,,226,233,16,16,http://localhost:5000/login,5,0,1
1735550569737,1509,add users,201,CREATED,Thread Group 2 1-28,text,true,,212,245,16,16,http://localhost:5000/add_user,1509,0,2
1735550571317,4,homepage,200,OK,Thread Group 2 1-44,text,true,,209,148,16,16,http://localhost:5000/,3,0,1
1735550571321,6,login,200,OK,Thread Group 2 1-44,text,true,,226,233,16,16,http://localhost:5000/login,5,0,2
1735550571426,5,homepage,200,OK,Thread Group 2 1-45,text,true,,209,148,17,17,http://localhost:5000/,5,0,1
1735550571432,5,login,200,OK,Thread Group 2 1-45,text,true,,226,233,17,17,http://localhost:5000/login,5,0,2
1735550571518,4,homepage,200,OK,Thread Group 2 1-46,text,true,,209,148,18,18,http://localhost:5000/,4,0,1
1735550571523,4,login,200,OK,Thread Group 2 1-46,text,true,,226,233,18,18,http://localhost:5000/login,3,0,1
1735550569928,1631,add users,201,CREATED,Thread Group 2 1-30,text,true,,212,249,18,18,http://localhost:5000/add_user,1630,0,1
1735550571618,3,homepage,200,OK,Thread Group 2 1-47,text,true,,209,148,18,18,http://localhost:5000/,3,0,1
1735550571622,5,login,200,OK,Thread Group 2 1-47,text,true,,226,233,18,18,http://localhost:5000/login,5,0,1
1735550570025,1677,add users,201,CREATED,Thread Group 2 1-31,text,true,,212,248,18,18,http://localhost:5000/add_user,1677,0,1
1735550571717,4,homepage,200,OK,Thread Group 2 1-48,text,true,,209,148,18,18,http://localhost:5000/,4,0,1
1735550571721,5,login,200,OK,Thread Group 2 1-48,text,true,,226,233,18,18,http://localhost:5000/login,4,0,1
1735550571817,4,homepage,200,OK,Thread Group 2 1-49,text,true,,209,148,19,19,http://localhost:5000/,3,0,1
1735550571821,4,login,200,OK,Thread Group 2 1-49,text,true,,226,233,19,19,http://localhost:5000/login,4,0,1
1735550571918,4,homepage,200,OK,Thread Group 2 1-50,text,true,,209,148,20,20,http://localhost:5000/,4,0,0
1735550571927,7,login,200,OK,Thread Group 2 1-50,text,true,,226,233,20,20,http://localhost:5000/login,7,0,1
1735550570130,1838,add users,201,CREATED,Thread Group 2 1-32,text,true,,212,244,20,20,http://localhost:5000/add_user,1837,0,10
1735550570229,1895,add users,201,CREATED,Thread Group 2 1-33,text,true,,212,248,19,19,http://localhost:5000/add_user,1895,0,1
1735550570327,1858,add users,201,CREATED,Thread Group 2 1-34,text,true,,212,245,18,18,http://localhost:5000/add_user,1858,0,1
1735550570431,1909,add users,201,CREATED,Thread Group 2 1-35,text,true,,212,245,17,17,http://localhost:5000/add_user,1909,0,1
1735550569828,2558,add users,201,CREATED,Thread Group 2 1-29,text,true,,212,245,16,16,http://localhost:5000/add_user,2558,0,0
1735550570528,2155,add users,201,CREATED,Thread Group 2 1-36,text,true,,212,248,15,15,http://localhost:5000/add_user,2154,0,1
1735550570625,2066,add users,201,CREATED,Thread Group 2 1-37,text,true,,212,245,14,14,http://localhost:5000/add_user,2066,0,1
1735550570735,2216,add users,201,CREATED,Thread Group 2 1-38,text,true,,212,247,13,13,http://localhost:5000/add_user,2216,0,2
1735550570825,2200,add users,201,CREATED,Thread Group 2 1-39,text,true,,212,246,12,12,http://localhost:5000/add_user,2200,0,2
1735550570934,2257,add users,201,CREATED,Thread Group 2 1-40,text,true,,212,244,11,11,http://localhost:5000/add_user,2256,0,1
1735550571029,2349,add users,201,CREATED,Thread Group 2 1-41,text,true,,212,246,10,10,http://localhost:5000/add_user,2349,0,1
1735550571129,2447,add users,201,CREATED,Thread Group 2 1-42,text,true,,212,245,9,9,http://localhost:5000/add_user,2447,0,1
1735550571226,2533,add users,201,CREATED,Thread Group 2 1-43,text,true,,212,244,8,8,http://localhost:5000/add_user,2533,0,1
1735550571327,2592,add users,201,CREATED,Thread Group 2 1-44,text,true,,212,246,7,7,http://localhost:5000/add_user,2591,0,1
1735550571438,2664,add users,201,CREATED,Thread Group 2 1-45,text,true,,212,246,6,6,http://localhost:5000/add_user,2664,0,1
1735550571527,2763,add users,201,CREATED,Thread Group 2 1-46,text,true,,212,246,5,5,http://localhost:5000/add_user,2763,0,2
1735550571726,2925,add users,201,CREATED,Thread Group 2 1-48,text,true,,212,248,4,4,http://localhost:5000/add_user,2925,0,2
1735550571826,2995,add users,201,CREATED,Thread Group 2 1-49,text,true,,212,246,3,3,http://localhost:5000/add_user,2994,0,1
1735550571935,3081,add users,201,CREATED,Thread Group 2 1-50,text,true,,212,249,2,2,http://localhost:5000/add_user,3081,0,2
1735550571628,3888,add users,201,CREATED,Thread Group 2 1-47,text,true,,212,249,1,1,http://localhost:5000/add_user,3888,0,1
